{"stats":{"minecraft:used":{"minecraft:wooden_axe":14,"minecraft:chicken":1,"keyblademod:keyblade_wood":35,"minecraft:dirt":14,"minecraft:crafting_table":1,"minecraft:porkchop":2,"minecraft:dandelion":2},"minecraft:killed":{"minecraft:skeleton":1,"minecraft:pig":1,"minecraft:chicken":3,"minecraft:cow":1},"minecraft:mined":{"minecraft:dandelion":2,"minecraft:grass":35,"minecraft:oak_log":11,"minecraft:dirt":3,"minecraft:tall_grass":6},"minecraft:killed_by":{"creeperoverhaul:hills_creeper":1,"minecraft:skeleton":3},"minecraft:crafted":{"minecraft:oak_planks":40,"minecraft:crafting_table":1,"minecraft:stick":4,"minecraft:wooden_axe":1,"keyblademod:keyblade_wood":1},"minecraft:custom":{"minecraft:time_since_rest":13158,"minecraft:sprint_one_cm":47419,"minecraft:damage_taken":1325,"minecraft:walk_one_cm":37937,"minecraft:mob_kills":6,"minecraft:drop":2,"minecraft:damage_dealt":786,"minecraft:interact_with_crafting_table":2,"minecraft:fly_one_cm":72373,"minecraft:crouch_one_cm":533,"minecraft:play_time":28905,"minecraft:deaths":5,"minecraft:sneak_time":210,"minecraft:jump":353,"minecraft:time_since_death":13133,"minecraft:total_world_time":28905,"minecraft:fall_one_cm":10733},"minecraft:picked_up":{"minecraft:wooden_axe":2,"minecraft:stick":1,"minecraft:feather":3,"minecraft:chicken":3,"patchouli:guide_book":1,"minecraft:leather":6,"keyblademod:keyblade_wood":2,"minecraft:dandelion":2,"minecraft:porkchop":2,"minecraft:oak_log":10,"minecraft:dirt":31,"minecraft:arrow":2,"minecraft:wheat_seeds":8,"minecraft:beef":1,"minecraft:oak_planks":56,"minecraft:egg":1},"minecraft:dropped":{"minecraft:wheat_seeds":1,"minecraft:chicken":1}},"DataVersion":3465}