{"stats":{"minecraft:used":{"minecraft:wooden_axe":14,"minecraft:chicken":1,"minecraft:cooked_chicken":2,"keyblademod:keyblade_wood":35,"minecraft:dirt":16,"minecraft:crafting_table":1,"minecraft:porkchop":2,"minecraft:dandelion":2},"minecraft:killed":{"minecraft:skeleton":1,"minecraft:pig":1,"minecraft:chicken":3,"minecraft:cow":1},"minecraft:mined":{"minecraft:dandelion":2,"minecraft:grass":36,"minecraft:oak_log":11,"minecraft:dirt":3,"minecraft:tall_grass":7,"minecraft:oak_leaves":1},"minecraft:killed_by":{"creeperoverhaul:hills_creeper":1,"minecraft:skeleton":3},"minecraft:crafted":{"minecraft:oak_planks":40,"minecraft:crafting_table":1,"minecraft:stick":4,"minecraft:wooden_axe":1,"keyblademod:keyblade_wood":1},"minecraft:custom":{"minecraft:time_since_rest":27330,"minecraft:sprint_one_cm":70750,"minecraft:damage_taken":1375,"minecraft:walk_one_cm":52205,"minecraft:mob_kills":6,"minecraft:drop":3,"minecraft:damage_dealt":806,"minecraft:swim_one_cm":3626,"minecraft:interact_with_crafting_table":2,"minecraft:fly_one_cm":109118,"minecraft:crouch_one_cm":729,"minecraft:play_time":43077,"minecraft:deaths":5,"minecraft:sneak_time":245,"minecraft:walk_under_water_one_cm":423,"minecraft:jump":546,"minecraft:leave_game":1,"minecraft:walk_on_water_one_cm":340,"minecraft:time_since_death":27305,"minecraft:total_world_time":43077,"minecraft:fall_one_cm":18470},"minecraft:picked_up":{"minecraft:wooden_axe":2,"minecraft:stick":1,"minecraft:feather":3,"minecraft:chicken":3,"patchouli:guide_book":1,"minecraft:leather":6,"keyblademod:keyblade_wood":2,"minecraft:dandelion":2,"minecraft:porkchop":2,"minecraft:oak_log":10,"minecraft:dirt":31,"minecraft:arrow":2,"minecraft:wheat_seeds":8,"minecraft:beef":1,"minecraft:oak_planks":56,"minecraft:cobblestone":1,"minecraft:egg":1},"minecraft:dropped":{"minecraft:wheat_seeds":1,"minecraft:chicken":1,"minecraft:arrow":1}},"DataVersion":3465}