{"stats":{"minecraft:used":{"minecraft:wooden_axe":14,"minecraft:chicken":1,"keyblademod:keyblade_wood":28,"minecraft:dirt":3,"minecraft:crafting_table":1,"minecraft:porkchop":2,"minecraft:dandelion":2},"minecraft:killed":{"minecraft:skeleton":1,"minecraft:pig":1,"minecraft:chicken":2,"minecraft:cow":1},"minecraft:mined":{"minecraft:dandelion":2,"minecraft:grass":32,"minecraft:oak_log":11,"minecraft:tall_grass":6},"minecraft:killed_by":{"creeperoverhaul:hills_creeper":1,"minecraft:skeleton":3},"minecraft:crafted":{"minecraft:oak_planks":40,"minecraft:crafting_table":1,"minecraft:stick":4,"minecraft:wooden_axe":1,"keyblademod:keyblade_wood":1},"minecraft:custom":{"minecraft:time_since_rest":1158,"minecraft:sprint_one_cm":38573,"minecraft:damage_taken":1325,"minecraft:walk_one_cm":30691,"minecraft:mob_kills":5,"minecraft:drop":1,"minecraft:damage_dealt":746,"minecraft:interact_with_crafting_table":2,"minecraft:fly_one_cm":61332,"minecraft:crouch_one_cm":454,"minecraft:play_time":16905,"minecraft:deaths":5,"minecraft:sneak_time":189,"minecraft:jump":293,"minecraft:time_since_death":1133,"minecraft:total_world_time":16905,"minecraft:fall_one_cm":10106},"minecraft:picked_up":{"minecraft:wooden_axe":2,"minecraft:stick":1,"minecraft:feather":2,"minecraft:chicken":2,"patchouli:guide_book":1,"minecraft:leather":6,"keyblademod:keyblade_wood":2,"minecraft:dandelion":2,"minecraft:porkchop":2,"minecraft:oak_log":10,"minecraft:dirt":28,"minecraft:arrow":2,"minecraft:wheat_seeds":6,"minecraft:beef":1,"minecraft:oak_planks":56,"minecraft:egg":1},"minecraft:dropped":{"minecraft:wheat_seeds":1}},"DataVersion":3465}