{"stats":{"minecraft:used":{"minecraft:dandelion":2},"minecraft:mined":{"minecraft:tall_grass":4,"minecraft:grass":13,"minecraft:oak_log":2,"minecraft:dandelion":2},"minecraft:picked_up":{"minecraft:oak_log":2,"minecraft:wheat_seeds":2,"minecraft:dandelion":2},"minecraft:custom":{"minecraft:jump":38,"minecraft:time_since_rest":4905,"minecraft:damage_dealt":45,"minecraft:crouch_one_cm":94,"minecraft:sprint_one_cm":8570,"minecraft:play_time":4905,"minecraft:time_since_death":4905,"minecraft:walk_one_cm":8564,"minecraft:sneak_time":68,"minecraft:total_world_time":4905,"minecraft:drop":1,"minecraft:fall_one_cm":1732,"minecraft:fly_one_cm":6679},"minecraft:dropped":{"minecraft:wheat_seeds":1}},"DataVersion":3465}