{"stats":{"minecraft:dropped":{"minecraft:birch_sapling":1},"minecraft:picked_up":{"minecraft:birch_sapling":1},"minecraft:mined":{"minecraft:birch_leaves":2,"minecraft:oak_leaves":5},"minecraft:custom":{"minecraft:jump":81,"minecraft:time_since_rest":5531,"minecraft:crouch_one_cm":514,"minecraft:leave_game":1,"minecraft:sprint_one_cm":9443,"minecraft:play_time":5531,"minecraft:damage_taken":60,"minecraft:time_since_death":5531,"minecraft:walk_one_cm":6471,"minecraft:sneak_time":108,"minecraft:total_world_time":5531,"minecraft:drop":1,"minecraft:fall_one_cm":3720,"minecraft:fly_one_cm":12291}},"DataVersion":3465}