{"stats":{"minecraft:used":{"minecraft:cooked_chicken":2,"keyblademod:keyblade_wood":4,"minecraft:wooden_axe":2,"minecraft:crafting_table":2,"minecraft:wooden_pickaxe":24},"minecraft:killed":{"minecraft:pig":1,"minecraft:cow":1},"minecraft:mined":{"minecraft:grass":1,"minecraft:tall_grass":5,"minecraft:birch_log":5,"minecraft:stone":12,"minecraft:crafting_table":1},"minecraft:crafted":{"minecraft:birch_planks":20,"keyblademod:keyblade_wood":1,"minecraft:crafting_table":1,"minecraft:stick":8,"minecraft:wooden_pickaxe":1,"minecraft:wooden_axe":1},"minecraft:custom":{"minecraft:time_since_rest":13612,"minecraft:crouch_one_cm":2446,"minecraft:play_time":13612,"minecraft:sprint_one_cm":35297,"minecraft:damage_taken":60,"minecraft:walk_one_cm":13394,"minecraft:sneak_time":652,"minecraft:walk_under_water_one_cm":70,"minecraft:mob_kills":2,"minecraft:drop":1,"minecraft:jump":251,"minecraft:damage_dealt":200,"minecraft:leave_game":2,"minecraft:walk_on_water_one_cm":233,"minecraft:time_since_death":13612,"minecraft:total_world_time":13612,"minecraft:swim_one_cm":2583,"minecraft:interact_with_crafting_table":3,"minecraft:fall_one_cm":8248,"minecraft:fly_one_cm":48059},"minecraft:picked_up":{"minecraft:birch_log":5,"minecraft:crafting_table":1,"minecraft:arrow":1,"minecraft:leather":2,"minecraft:beef":1,"minecraft:porkchop":3,"minecraft:cobblestone":11},"minecraft:dropped":{"patchouli:guide_book":1}},"DataVersion":3465}